{"inputUnits":[34],"outputUnits":3,"inputs":{"input0":{"dtype":"number","min":323.10581140350877,"max":352.15915434541756},"input1":{"dtype":"number","min":167.9319099887305,"max":190.99565710473013},"input2":{"dtype":"number","min":339.3052353682341,"max":365.3186981022706},"input3":{"dtype":"number","min":154.5263475563094,"max":180.37291409676533},"input4":{"dtype":"number","min":315.03207944754735,"max":343.55778714601985},"input5":{"dtype":"number","min":156.34830645882826,"max":182.9077425058822},"input6":{"dtype":"number","min":358.03569191380546,"max":379.2338138342368},"input7":{"dtype":"number","min":164.28266172055842,"max":191.54772247254965},"input8":{"dtype":"number","min":303.20488823784723,"max":329.2506643670809},"input9":{"dtype":"number","min":166.59561900832267,"max":196.76231934545564},"input10":{"dtype":"number","min":386.53268676519855,"max":402.5159803840384},"input11":{"dtype":"number","min":234.5529424656204,"max":250.29006095425194},"input12":{"dtype":"number","min":278.99658203125,"max":306.66641978957267},"input13":{"dtype":"number","min":233.38549221700623,"max":251.75229137636296},"input14":{"dtype":"number","min":400.3054185685126,"max":471.0492823788529},"input15":{"dtype":"number","min":169.69989501477215,"max":352.1889919704861},"input16":{"dtype":"number","min":226.9793629785727,"max":273.35851003784416},"input17":{"dtype":"number","min":179.72394262838083,"max":355.2520439638729},"input18":{"dtype":"number","min":419.233357771563,"max":522.4715906927693},"input19":{"dtype":"number","min":90.68324098345363,"max":436.67584692525577},"input20":{"dtype":"number","min":172.53456755223561,"max":249.67138457716555},"input21":{"dtype":"number","min":102.95264915183736,"max":433.4114720156783},"input22":{"dtype":"number","min":358.45491041216934,"max":387.6831750702439},"input23":{"dtype":"number","min":370.85623281973375,"max":455.8819080375091},"input24":{"dtype":"number","min":290.2931388869852,"max":385.27442500837594},"input25":{"dtype":"number","min":363.12461332503347,"max":451.7535674037524},"input26":{"dtype":"number","min":332.28525619060673,"max":393.1587561296905},"input27":{"dtype":"number","min":514.9889690555327,"max":549.3036828589486},"input28":{"dtype":"number","min":257.3548721105267,"max":400.5177988271732},"input29":{"dtype":"number","min":458.15867589463494,"max":548.842075043022},"input30":{"dtype":"number","min":314.8328261347542,"max":391.08957807455374},"input31":{"dtype":"number","min":552.3727256373355,"max":557.8528426915814},"input32":{"dtype":"number","min":255.7309067040159,"max":398.48326201559735},"input33":{"dtype":"number","min":519.4770404005143,"max":558.2334477906106}},"outputs":{"output0":{"dtype":"string","min":0,"max":1,"uniqueValues":["n","l","f"],"legend":{"n":[1,0,0],"l":[0,1,0],"f":[0,0,1]}}},"isNormalized":true}